"Business Name","Website"
"417","https://417skincare.co.il/?utm_source=buyme&utm_medium=referral&utm_campaign=buyme_website_referral"
"4Chef","http://www.4chef.co.il?utm_source=buyme&utm_medium=referral&utm_campaign=buyme_website_referral"
"אבא חטוב ואמא חטובה","https://leptin4life.com/?utm_source=buyme&utm_medium=referral&utm_campaign=buyme_website_referral"
"אבני אהוה","https://ahavastones.co.il/?utm_source=&utm_medium=&utm_campaign="
"אגאדיר","https://agadir.co.il/?utm_source=buyme&utm_medium=referral&utm_campaign=buyme_website_referral"
"אגם","https://agambooks.com/?utm_source=buyme&utm_medium=referral&utm_campaign=buyme_website_referral"
"אופטיקה הלפרין","https://optica-halperin.com/?utm_source=buyme&utm_medium=referral&utm_campaign=buyme_website_referral"
"אופנוסנטר","https://ofnocenter.co.il/?utm_source=buyme&utm_medium=referral&utm_campaign=buyme_website_referral"
"אופק חדש","https://www.newhorizon.co.il/?utm_source=buyme&utm_medium=referral&utm_campaign=buyme_website_referral"
"אורדמן","https://www.ordman.co.il/?utm_source=buyme&utm_medium=referral&utm_campaign=buyme_website_referral"
"אוריה עזרן","https://oriaazran.com/?utm_source=buyme&utm_medium=referral&utm_campaign=buyme_website_referral"
"אות והדר תשמישי קדושה","https://otvehadar.com/?utm_source=buyme&utm_medium=referral&utm_campaign=buyme_website_referral"
"אלוף ספורט","https://www.alufsport.co.il/?utm_source=buyme&utm_medium=referral&utm_campaign=buyme_website_referral"
"אליטל","https://elital.co.il/?utm_source=buyme&utm_medium=referral&utm_campaign=buyme_website_referral"
"ארגז מהכפר","https://argazkfar.com/?utm_source=buyme&utm_medium=referral&utm_campaign=buyme_website_referral"
"ארקיע","https://www.arkia.co.il/he?utm_source=buyme&utm_medium=referral&utm_campaign=buyme_website_referral"
"אשכר מטפחות לדתיות","https://www.eshkar.shop/?utm_source=buyme&utm_medium=referral&utm_campaign=buyme_website_referral"
"בון סטריט","https://bone-street.com/?utm_source=buyme&utm_medium=referral&utm_campaign=buyme_website_referral"
"בוניטה דה מאס","https://www.bonitademas.co.il/?utm_source=buyme&utm_medium=referral&utm_campaign=buyme_website_referral"
"בועז שטיין","https://www.boaz-stein.com/?utm_source=buyme&utm_medium=referral&utm_campaign=buyme_website_referral"
"בייבי בוס טקסטיל","https://babybosstextile.co.il/?utm_source=buyme&utm_medium=referral&utm_campaign=buyme_website_referral"
"בירליך","https://beerlich.com/"
"בית הרמזים","https://clues.world/?utm_source=buyme&utm_medium=referral&utm_campaign=buyme_website_referral"
"בלו בנדנה","https://bluebandana.co.il/?utm_source=buyme&utm_medium=referral&utm_campaign=buyme_website_referral"
"בר איטליה","https://baritalia.co.il/?utm_source=buyme&utm_medium=referral&utm_campaign=buyme_website_referral"
"בש גל","https://www.bashgal.co.il/?utm_source=buyme&utm_medium=referral&utm_campaign=buyme_website_referral"
"גבינות ברמות","http://www.gvinotberamot.co.il/?utm_source=buyme&utm_medium=referral&utm_campaign=buyme_website_referral"
"גורדון פדגוגיה חדשנית","https://gordon-hub.com/?utm_source=buyme&utm_medium=referral&utm_campaign=buyme_website_referral"
"גן סטודיו","https://gan-studio.co.il/?utm_source=buyme&utm_medium=referral&utm_campaign=buyme_website_referral"
"גרקו והמעדניה היוונית של גרקו","http://www.greco.co.il/?utm_source=buyme&utm_medium=referral&utm_campaign=buyme_website_referral"
"ד""ר גב","https://www.dr-gav.co.il/?utm_source=buyme&utm_medium=referral&utm_campaign=buyme_website_referral"
"דנה אשכנזי","https://www.danaashkenazi.com/?utm_source=buyme&utm_medium=referral&utm_campaign=buyme_website_referral"
"דני בוי","https://daniboy.co.il/?utm_source=buyme&utm_medium=referral&utm_campaign=buyme_website_referral"
"דניאלה להבי","https://daniellalehavi.co.il/?utm_source=buyme&utm_medium=referral&utm_campaign=buyme_website_referral"
"האתר הסודי לשמלות מסתובבות","https://twirldress.co.il/?utm_source=buyme&utm_medium=referral&utm_campaign=buyme_website_referral"
"הדרא","https://www.hadara.biz/?utm_source=buyme&utm_medium=referral&utm_campaign=buyme_website_referral"
"הילולה","https://www.hillula.co.il/?utm_source=buyme&utm_medium=referral&utm_campaign=buyme_website_referral"
"המדריך לתיכוניסט - ליאל אלי","https://lieleli.co.il/?utm_source=buyme&utm_medium=referral&utm_campaign=buyme_website_referral"
"העץ של יאשה","https://yashas-wood.co.il/?utm_source=buyme&utm_medium=referral&utm_campaign=buyme_website_referral"
"הקונדיטוריה של גל","https://www.galsbakery.co.il/?utm_source=buyme&utm_medium=referral&utm_campaign=buyme_website_referral"
"הקמפוס הדיגיטלי","https://www.askpavel.co.il/campus?utm_source=buyme&utm_medium=referral&utm_campaign=buyme_website_referral"
"הראל קולדן- קורס לניהול כסף חכם","https://koldanh.school/?utm_source=buyme&utm_medium=referral&utm_campaign=buyme_website_referral"
"השטיח האדום","https://www.carpetshop.co.il/?utm_source=buyme&utm_medium=referral&utm_campaign=buyme_website_referral"
"זוטא","https://zutadelli.com/?utm_source=buyme&utm_medium=referral&utm_campaign=buyme_website_referral"
"חגית טסה","https://hagitassa.com/?utm_source=buyme&utm_medium=referral&utm_campaign=buyme_website_referral"
"חן במטבח","https://book.heninthekitchen.com/?utm_source=buyme&utm_medium=referral&utm_campaign=buyme_website_referral"
"חנות בוטיק AYO","https://thisisayo.com/?utm_source=buyme&utm_medium=referral&utm_campaign=buyme_website_referral"
"חנות האוהדים של מכבי תל אביב","https://shop.maccabi.co.il/?utm_source=buyme&utm_medium=referral&utm_campaign=buyme_website_referral"
"טבע נאות","http://www.tevanaot.co.il/?utm_source=buyme&utm_medium=referral&utm_campaign=buyme_website_referral"
"טיטניום","https://www.titanium-suitcases.co.il/?utm_source=buyme&utm_medium=referral&utm_campaign=buyme_website_referral"
"טעימים","https://www.teimim.com/?utm_source=buyme&utm_medium=referral&utm_campaign=buyme_website_referral"
"יהלומי הבורסה","https://www.diamondbourse.co.il/?utm_source=buyme&utm_medium=referral&utm_campaign=buyme_website_referral"
"יקב בן זמרה","https://www.benzimrawinery.com/?utm_source=buyme&utm_medium=referral&utm_campaign=buyme_website_referral"
"יש לאן","http://www.nivut.co.il/?utm_source=buyme&utm_medium=referral&utm_campaign=buyme_website_referral"
"כרמל דיירקט","https://carmeldirect.com/?utm_source=buyme&utm_medium=referral&utm_campaign=buyme_website_referral"
"כרמלה","https://www.carmella.co.il/?utm_source=buyme&utm_medium=referral&utm_campaign=buyme_website_referral"
"ליאור מוצרי חשמל","https://www.lior-electric.co.il/?utm_source=buyme&utm_medium=referral&utm_campaign=buyme_website_referral"
"ליליה","https://shop-lilya.co.il/?utm_source=buyme&utm_medium=referral&utm_campaign=buyme_website_referral"
"לילית קוסמטיקה","https://www.lilit.co.il/?utm_source=buyme&utm_medium=referral&utm_campaign=buyme_website_referral"
"לינויה","https://linoyamitpahot.com/?utm_source=buyme&utm_medium=referral&utm_campaign=buyme_website_referral"
"מאמאל'ה","https://mamale.co.il/?utm_source=&utm_medium=&utm_campaign="
"מגה ספורט","https://www.megasport.co.il/?utm_source=buyme&utm_medium=referral&utm_campaign=buyme_website_referral"
"מועדון היין","https://wine-club.co.il/?utm_source=buyme&utm_medium=referral&utm_campaign=buyme_website_referralhttps%3A%2F%2Fwlovep.com%2Fhttps%3A%2F%2Fwomancosmetics.co.il%2Fhttp%3A%2F%2Fwww.y-not.co.il%2F&gad_campaignid=18995025574&gbraid=0AAAAADq6uPVqU-icTS0VKm3OXq7OanVvn&gclid=CjwKCAjw6eWnBhAKEiwADpnw9jfAVRgJOkWB6d1ctq6QSsc8aBwBWchMEU0U5-j0ziX8TpfowW5UwxoCuKoQAvD_BwE&utm_content=749239772106&utm_term=shape%20patissier&gad_source=1&client=safari&hs=nWj9&sca_esv=d33f661f42c9ee99&hl=en-il&ei=44hSaYLvBLm29u8P8JisqQ4&oq=OPA&gs_lp=EhNtb2JpbGUtZ3dzLXdpei1zZXJwIiHXoNeV16TXqCDXnteV16gg15vXqteV15HXqiDXkNeq16gyBRAhGKABMgUQIRigATIFECEYnwUyCBAAGIAEGKIEMgUQABjvBTIFEAAY7wUyBRAAGO8FSKkSUOwEWOQPcAJ4AZABAJgBzgGgAe8NqgEFMC45LjG4AQPIAQD4AQGYAgugAqgNwgIKEAAYsAMY1gQYR8ICBxAAGIAEGBPCAgYQABgWGB7CAggQABgWGAoYHsICBBAhGBWYAwCIBgGQBgiSBwUyLjcuMqAHjC2yBwUwLjcuMrgHiQ3CBwkwLjEuNy4yLjHIB0qACAA&sclient=mobile-gws-wiz-serp&mstk=AUtExfCGN4p27k8PiQG0t6WU3TO70YJDZ78NHWntwg99jVyVGZ8IBpZp4eOc7PWILQfecihFAl_7Z2pmCnfC31RtRizwuq-9ajr9VI_gVXE_DkgKIUYHADivH1It4xJVwOIpey4&csui=3&ved=2ahUKEwiE7bWR-uKRAxUnm_0HHQsLGmsQgK4QegQIARAB&rlz=1C1CHZN_enIL1140IL1140&gs_lcrp=EgZjaHJvbWUqBggAEEUYOzIGCAAQRRg7MgoIARAAGLEDGIAEMg0IAhAAGIMBGLEDGIAEMgcIAxAAGIAEMgYIBBBFGDwyBggFEEUYPTIGCAYQRRg9MgYIBxBFGDzSAQc4NTVqMGo3qAIAsAIA&sourceid=chrome&ie=UTF-8https%3A%2F%2Fotilyas.com%2Fhehttps%3A%2F%2F925panda.co.il%2Fhttps%3A%2F%2Fwww.paraplu-art.com%2Fhttps%3A%2F%2Fpelle-sg.co.il%2F%3Futm_source%3Dgoogle&gadid=740801971906#https://www.zappa-club.co.il/https://leptin4life.com/?_gl=1%2A1l9bjkr%2A_up%2AMQ..&gclid=Cj0KCQiA88a5BhDPARIsAFj595jBGB3uTXHOElJKQQ58Eg9SWy75EziDkNQg5Pc1tCO4XKklazZgsaUaAk_qEALw_wcB&utm_source=buyme&utm_medium=referral&utm_campaign=buyme_website_referralhttps://agadir.co.ilhttps://ofiyaa-israel.com/https://www.b-shvilenu.co.il/collections/ecolove?gad_source=1&gclid=Cj0KCQiAkoe9BhDYARIsAH85cDMve7xEYnE9zIjc_Geu4Krcz61nLq5s4fsIOcn-Zj7gZ3E9joa764UaAoD1EALw_wcBhttps://oriaazran.com/https://www.eshkar.shop/https://bone-street.com/?gad_source=1&gbraid=0AAAAAqv_rhb-Kq0dzec6mGOjXnA-ubbNn&gclid=Cj0KCQjwzrzABhD8ARIsANlSWNML6QFWqDsUvLTr2S8uDcuHh--WN91yxm6_HpPF-Scnj2t0gcydsrkaAvAnEALw_wcBhttps://www.boaz-stein.com/https://beerlich.com/https://www.baritalia.co.il/https://www.dr-gav.co.il/?utm_source=&utm_medium=&utm_campaign=https://daniboy.co.il/https://lieleli.co.il/http://www.galsbakery.co.il/https://hagitassa.com/?utm_source=buyme&utm_medium=referral&utm_campaign=buyme_website_referral&utm_source=buyme&utm_medium=referral&utm_campaign=buyme_website_referralhttps://translate.google.com/?hl=iwhttps://www.teimim.com/https://www.yaarit-jewelry.com/collections/earrings?srsltid=AfmBOopFmRLQFvy2Wl3qZpRX3nUNlAKH3R34LxDsCwkaZFCWi3r4F_f6&utm_source=buyme&utm_medium=referral&utm_campaign=buyme_website_referralhttps://www.benzimrawinery.com/https://wine-club.co.il/"
"מוצצים","https://motsesim.co.il/?utm_source=buyme&utm_medium=referral&utm_campaign=buyme_website_referral"
"מיה גלר","https://mayageller.com/he/?utm_source=buyme&utm_medium=referral&utm_campaign=buyme_website_referral"
"מילגה","https://www.milega.co.il/?utm_source=buyme&utm_medium=referral&utm_campaign=buyme_website_referral"
"מילק אנד האני","https://mh-distillery.com/he/?utm_source=buyme&utm_medium=referral&utm_campaign=buyme_website_referral"
"מיני סטייליש","https://ministylish.co.il/?utm_source=buyme&utm_medium=referral&utm_campaign=buyme_website_referral"
"מסעדות בנדיקט","http://www.benedict.co.il?utm_source=buyme&utm_medium=referral&utm_campaign=buyme_website_referral"
"מסעדת הספריה","https://hasifria.com/?utm_source=buyme&utm_medium=referral&utm_campaign=buyme_website_referral"
"מצמן","https://www.matzman-merutz.co.il/?utm_source=buyme&utm_medium=referral&utm_campaign=buyme_website_referral"
"מקדונלד'ס","https://www.mcdonalds.co.il/?utm_source=buyme&utm_medium=referral&utm_campaign=buyme_website_referral"
"מקופלת","https://www.mekupelet.co.il/?utm_source=buyme&utm_medium=referral&utm_campaign=buyme_website_referral"
"משלוחה","https://www.mishloha.co.il/?utm_source=buyme&utm_medium=referral&utm_campaign=buyme_website_referral"
"משק 33","https://meshek33.co.il/?utm_source=buyme&utm_medium=referral&utm_campaign=buyme_website_referral"
"משק אחיה","https://www.m-achiya.co.il/?utm_source=buyme&utm_medium=referral&utm_campaign=buyme_website_referral"
"משתלת אזור","https://azurflowers.co.il/?utm_source=buyme&utm_medium=referral&utm_campaign=buyme_website_referral"
"נאם","http://namrestaurant.co.il/?utm_source=buyme&utm_medium=referral&utm_campaign=buyme_website_referral"
"נעלי נמרוד","https://www.nimrod.co.il/?utm_source=buyme&utm_medium=referral&utm_campaign=buyme_website_referral"
"סורוצקין","https://jewishdeli.co.il/?utm_source=buyme&utm_medium=referral&utm_campaign=buyme_website_referral"
"סטודיו עדי ניסני","https://adinissani.com/?utm_source=buyme&utm_medium=referral&utm_campaign=buyme_website_referral"
"סמארט טויס","https://www.smart-toys.co.il//?utm_source=buyme&utm_medium=referral&utm_campaign=buyme_website_referral"
"סנדלי שורש","https://source-israel.co.il/?utm_source=buyme&utm_medium=referral&utm_campaign=buyme_website_referral"
"ספא טיפה אחרת","https://www.t-pa.co.il/?utm_source=buyme&utm_medium=referral&utm_campaign=buyme_website_referral"
"סקיני פסטה","http://skinnypasta.co.il/?utm_source=buyme&utm_medium=referral&utm_campaign=buyme_website_referral"
"עגליס","https://agalease-baby.co.il/?utm_source=buyme&utm_medium=referral&utm_campaign=buyme_website_referral"
"עדה לזורגן","https://adahlazorgan.co.il/?utm_source=buyme&utm_medium=referral&utm_campaign=buyme_website_referral"
"עליזהל'ה","https://alizaleh.co.il/?utm_source=buyme&utm_medium=giftcard&utm_campaign=pagelink"
"פאנקי פיש מתנות חוויתיות","https://il.funkyfish.com/?gclid=Cj0KCQiAt8WOBhDbARIsANQLp96v8xfUiTFdhd4hk0lEIw-zxE2KeXT0fy5Lors8sbdGOokpYaXF3_YaAjNAEALw_wcB&utm_source=buyme&utm_medium=referral&utm_campaign=buyme_website_referral"
"פודסטפס","https://foodsteps.co.il/product-category/%D7%A1%D7%93%D7%A0%D7%90%D7%95%D7%AA-%D7%91%D7%99%D7%A9%D7%95%D7%9C/?gad_source=1&gad_campaignid=24134189677&gbraid=0AAAAADspVa9yUFoS9MVk2S0f0tiw5yWmr&gclid=CjwKCAjwqc_UBhBKEiwAWbl25v2Tk-Fic8Jowk-xFZLxN1VgLPol6F5vSa0qbQPULvNmDVW8gY_u_xoC-nkQAvD_BwE/?utm_source=buyme&utm_medium=referral&utm_campaign=buyme_website_referral"
"פונפוני","https://www.ponponi.co.il/?utm_source=buyme&utm_medium=referral&utm_campaign=buyme_website_referral"
"פלה דה תה","http://www.palaisdesthes.co.il/?utm_source=buyme&utm_medium=referral&utm_campaign=buyme_website_referral"
"פנינה רוזנבלום","https://www.rosenblum.co.il/?utm_source=buyme&utm_medium=referral&utm_campaign=buyme_website_referral"
"פפאיה","https://www.papaya.co.il/?utm_source=buyme&utm_medium=referral&utm_campaign=buyme_website_referral"
"פתורה","https://www.ptora.co.il//?utm_source=buyme&utm_medium=referral&utm_campaign=buyme_website_referral"
"צ'ירז","https://cheers.co.il/?utm_source=buyme&utm_medium=referral&utm_campaign=buyme_website_referral"
"צמר שטיחים יפים","https://tzemer.co.il/?utm_source=buyme&utm_medium=referral&utm_campaign=buyme_website_referral"
"צעדים ראשונים","https://www.first-steps.co.il/he/?utm_source=buyme&utm_medium=referral&utm_campaign=buyme_website_referral"
"צעצועי עוזי","https://uzi-toys.com/?utm_source=buyme&utm_medium=referral&utm_campaign=buyme_website_referral"
"קאנטרי שיק","https://countrychic.co.il/?utm_source=buyme&utm_medium=referral&utm_campaign=buyme_website_referral"
"קבוצת story","https://www.storyonline.co.il/?utm_source=buyme&utm_medium=referral&utm_campaign=buyme_website_referral"
"קולומביה, שבילים ואווטסיידרס","https://columbia.co.il/?utm_source=buyme&utm_medium=referral&utm_campaign=buyme_website_referral"
"קולנוע לב","http://www.lev.co.il/"
"קופסא מהשוק - BY חן קורן","https://boxfromjerus.co.il/?utm_source=buyme&utm_medium=referral&utm_campaign=buyme_website_referral"
"קל גב","https://kalgav.co.il/?utm_source=buyme&utm_medium=referral&utm_campaign=buyme_website_referral"
"קמפאי & CHI CHI","https://kampai.co.il/?utm_source=buyme&utm_medium=referral&utm_campaign=buyme_website_referral"
"קמפאי סטריט ווק","https://kampaistreetwok.co.il/?utm_source=buyme&utm_medium=referral&utm_campaign=buyme_website_referral"
"קפאסה","https://kepasa.co.il/?utm_source=buyme&utm_medium=referral&utm_campaign=buyme_website_referral"
"קפה נואר","https://www.cafenoir.co.il/?utm_source=buyme&utm_medium=referral&utm_campaign=buyme_website_referral"
"רהיטי קיסר","https://ergonomicoffice.co.il/?utm_source=buyme&utm_medium=referral&utm_campaign=buyme_website_referral"
"רוזנבאום תכשיטים","https://www.rozenbaumj.co.il/?utm_source=buyme&utm_medium=referral&utm_campaign=buyme_website_referral"
"רויטל כהן- האקדמיה לנומרולוגיה","https://itsrevitalcohen.co.il/?utm_source=buyme&utm_medium=referral&utm_campaign=buyme_website_referral"
"רועי אלבה","https://roeielba.art/?utm_source=buyme&utm_medium=referral&utm_campaign=buyme_website_referral"
"רשת דארלן","http://www.darlain.co.il/?utm_source=buyme&utm_medium=referral&utm_campaign=buyme_website_referral"
"רשת למטייל","http://www.lametayel.co.il/?utm_source=buyme&utm_medium=referral&utm_campaign=buyme_website_referral"
"רשת Bגוד","https://www.bgoodonline.co.il/?utm_source=buyme&utm_medium=referral&utm_campaign=buyme_website_referral"
"שופרא","https://www.shoofra.co.il/?utm_source=buyme&utm_medium=referral&utm_campaign=buyme_website_referral"
"שילב","http://www.shilav.co.il/"
"שלומית אופיר","https://shlomitofir.co.il/?utm_source=buyme&utm_medium=referral&utm_campaign=buyme_website_referral"
"שני יעקובי","https://shanijacobi.co.il/?utm_source=buyme&utm_medium=referral&utm_campaign=buyme_website_referral"
"שר המשקאות","http://www.mashkaot.co.il?utm_source=buyme&utm_medium=referral&utm_campaign=buyme_website_referral"
"תחביבן","https://takhbivan.co.il//?utm_source=buyme&utm_medium=referral&utm_campaign=buyme_website_referral"
"תיק התיקים","http://www.tikhatikim.co.il?utm_source=buyme&utm_medium=referral&utm_campaign=buyme_website_referral"
"תכשיטי דנון","https://danon-jewellery.co.il/?utm_source=buyme&utm_medium=referral&utm_campaign=buyme_website_referral"
"תכשיטי חביב","https://havivjewelry.co.il/?utm_source=buyme&utm_medium=referral&utm_campaign=buyme_website_referral"
"ADSEA","https://adsea.co.il/?utm_source=buyme&utm_medium=referral&utm_campaign=buyme_website_referral"
"Afrodita","https://www.afrodita.co.il"
"AIMEE","https://aimeetlv.com/?utm_source=buyme&utm_medium=referral&utm_campaign=buyme_website_referral"
"ALDO","https://www.aldoshoes.co.il/?utm_source=buyme&utm_medium=referral&utm_campaign=buyme_website_referral"
"Alef Alef","https://www.alefalef.co.il/?utm_source=buyme&utm_medium=referral&utm_campaign=buyme_website_referral"
"almaré","https://www.almareofficial.com/?utm_source=buyme&utm_medium=referral&utm_campaign=buyme_website_referral"
"ALTRA","https://altrarunning.co.il/?utm_source=buyme&utm_medium=referral&utm_campaign=buyme_website_referral"
"AMA-LURRA","https://ama-lurra.com/?utm_source=buyme&utm_medium=referral&utm_campaign=buyme_website_referral"
"ARDO","https://ardo.co.il/?utm_source=buyme&utm_medium=referral&utm_campaign=buyme_website_referral"
"ARTERRA","https://artedterra.co.il/?utm_source=buyme&utm_medium=referral&utm_campaign=buyme_website_referral"
"ASK Q","https://www.askqbynoa.com/?utm_source=buyme&utm_medium=referral&utm_campaign=buyme_website_referral"
"ATA","https://atawear.co.il/?utm_source=buyme&utm_medium=referral&utm_campaign=buyme_website_referral"
"BABY BREZZA","https://babybrezza.co.il/?utm_source=buyme&utm_medium=referral&utm_campaign=buyme_website_referral"
"BABY STORY","https://babystory.co.il/?utm_source=buyme&utm_medium=referral&utm_campaign=buyme_website_referral"
"Babybjorn","https://www.babybjorn-israel.co.il/?utm_source=buyme&utm_medium=referral&utm_campaign=buyme_website_referral"
"Babystar","https://www.baby-star.co.il/?utm_source=buyme&utm_medium=referral&utm_campaign=buyme_website_referral"
"BARBIZ","https://barbiz.shop/?utm_source=buyme&utm_medium=referral&utm_campaign=buyme_website_referral"
"bbhugme","https://bbhugme.co.il//?utm_source=buyme&utm_medium=referral&utm_campaign=buyme_website_referral"
"Biamba","https://biamba.co.il/?utm_source=buyme&utm_medium=referral&utm_campaign=buyme_website_referral"
"Biliblond","https://biliblond.com/?utm_source=buyme&utm_medium=referral&utm_campaign=buyme_website_referral"
"Bina & Bino","https://www.binaandbino.com/?utm_source=buyme&utm_medium=referral&utm_campaign=buyme_website_referral"
"BLUEBERRY","https://blueberrytlv.co.il/?utm_source=buyme&utm_medium=referral&utm_campaign=buyme_website_referral"
"BONIC","https://bonic.co.il/?utm_source=buyme&utm_medium=referral&utm_campaign=buyme_website_referral"
"BOOSA & CO","https://boosa.co/?utm_source=buyme&utm_medium=referral&utm_campaign=buyme_website_referral"
"BRANT","https://www.brant-studio.com/?utm_source=buyme&utm_medium=referral&utm_campaign=buyme_website_referral"
"Bugaboo","https://www.bugaboo-distributor.co.il/?utm_source=buyme&utm_medium=referral&utm_campaign=buyme_website_referral"
"BUMPERS","https://bumpersisrael.com/?utm_source=buyme&utm_medium=referral&utm_campaign=buyme_website_referral"
"Buona Casa","https://buonacasa.co.il/?utm_source=buyme&utm_medium=referral&utm_campaign=buyme_website_referral"
"BuyCarpet","https://www.buycarpet.co.il/?utm_source=buyme&utm_medium=referral&utm_campaign=buyme_website_referral"
"byMemmis","https://bymemmis.com/?utm_source=buyme&utm_medium=referral&utm_campaign=buyme_website_referral"
"BYNETA","https://byneta.com/?utm_source=buyme&utm_medium=referral&utm_campaign=buyme_website_referral"
"C. baby group","https://cbabygroup.com/?utm_source=buyme&utm_medium=referral&utm_campaign=buyme_website_referral"
"CADABRA","https://www.yaarit-jewelry.com/?utm_source=buyme&utm_medium=referral&utm_campaign=buyme_website_referral"
"CAFE TAIZU","https://www.taizu.co.il/lunchmenu/%d7%a7%d7%a4%d7%94-%d7%98%d7%90%d7%99%d7%96%d7%95/?utm_source=buyme&utm_medium=referral&utm_campaign=buyme_website_referral"
"Callisto Art","https://callisto-art.com/?utm_source=buyme&utm_medium=referral&utm_campaign=buyme_website_referral"
"Camel Mountain","https://www.camelmountain.co.il/?utm_source=buyme&utm_medium=referral&utm_campaign=buyme_website_referral"
"CANDLE CLUB","https://www.candle-club.com/?utm_source=buyme&utm_medium=referral&utm_campaign=buyme_website_referral"
"Carter's/Oshkosh","https://www.cartersoshkosh.co.il/?utm_source=buyme&utm_medium=referral&utm_campaign=buyme_website_referral"
"Casa Bella","http://Casabella.co.il?utm_source=buyme&utm_medium=referral&utm_campaign=buyme_website_referral"
"CASTRO","https://www.castro.com/?utm_source=buyme&utm_medium=referral&utm_campaign=buyme_website_referral"
"CASTRO HOME","https://www.castro.com/?utm_source=buyme&utm_medium=referral&utm_campaign=buyme_website_referral"
"Ceramora","https://ceramora.com/?utm_source=buyme&utm_medium=referral&utm_campaign=buyme_website_referral"
"chen keidar","https://chenkeidar.com/?utm_source=buyme&utm_medium=referral&utm_campaign=buyme_website_referral"
"CHILL","https://www.chill-shop.co.il/?utm_source=buyme&utm_medium=referral&utm_campaign=buyme_website_referral"
"Choose Your Cookies","https://www.choose-your-cookies.com/?utm_source=buyme&utm_medium=referral&utm_campaign=buyme_website_referral"
"CHOZEN","https://chozen.co.il/collections/brownie/?utm_source=buyme&utm_medium=referral&utm_campaign=buyme_website_referral"
"CHRISTINA","https://www.christina.co.il/?utm_source=buyme&utm_medium=referral&utm_campaign=buyme_website_referral"
"clearly","https://clearly.co.il/?utm_source=buyme&utm_medium=referral&utm_campaign=buyme_website_referral"
"COCONUT LOVE","https://coconutlove.co/?utm_source=buyme&utm_medium=referral&utm_campaign=buyme_website_referral"
"COTTON CLUB","https://cottonclub.co.il/?utm_source=buyme&utm_medium=referral&utm_campaign=buyme_website_referral"
"Creatures of Habit","https://cohjewelry.com/he?utm_source=buyme&utm_medium=referral&utm_campaign=buyme_website_referral"
"Daisy mei","https://daisymei.co/?utm_source=buyme&utm_medium=referral&utm_campaign=buyme_website_referral"
"Danielle Gerber","https://daniellegerber.co.il/?utm_source=buyme&utm_medium=referral&utm_campaign=buyme_website_referral"
"Daphne Skin","https://daphneskin.com/?utm_source=buyme&utm_medium=referral&utm_campaign=buyme_website_referral"
"DARYA","https://d-a-r-y-a.store/.co.il?utm_source=buyme&utm_medium=referral&utm_campaign=buyme_website_referral"
"Daysy","https://daysy.co.il/?utm_source=buyme&utm_medium=referral&utm_campaign=buyme_website_referral"
"Dé Rococo","https://www.de-rococo.co.il/?utm_source=buyme&utm_medium=referral&utm_campaign=buyme_website_referral"
"Dixie","https://www.dixie.co.il/?utm_source=buyme&utm_medium=referral&utm_campaign=buyme_website_referral"
"Don't tell Mama","https://www.donttellmama-studio.com/?utm_source=buyme&utm_medium=referral&utm_campaign=buyme_website_referral"
"DREAME","https://www.dreame-israel.co.il/?utm_source=buyme&utm_medium=referral&utm_campaign=buyme_website_referral"
"Eazy2gift","https://eazy2gift.co.il/?utm_source=buyme&utm_medium=referral&utm_campaign=buyme_website_referral"
"econawa","https://econawa.co/?utm_source=buyme&utm_medium=referral&utm_campaign=buyme_website_referral"
"Ecosupp","https://ecosupp.co.il/?utm_source=buyme&utm_medium=referral&utm_campaign=buyme_website_referral"
"ELIT SWIMWEAR","https://elitswimwear.co.il/?utm_source=buyme&utm_medium=referral&utm_campaign=buyme_website_referral"
"EMPORIUM","https://www.emporium.co.il/?utm_source=buyme&utm_medium=referral&utm_campaign=buyme_website_referral"
"ENERGYM","https://energym.co.il/?utm_source=buyme&utm_medium=referral&utm_campaign=buyme_website_referral"
"ERA  ACTIVE","https://www.era-active.com/?utm_source=buyme&utm_medium=referral&utm_campaign=buyme_website_referral"
"ÉVE PROMETICS","https://evepro.co.il/?utm_source=buyme&utm_medium=referral&utm_campaign=buyme_website_referral"
"Eye Glow","https://www.eyeglow.co.il/?utm_source=buyme&utm_medium=referral&utm_campaign=buyme_website_referral"
"Femina","https://femina.co.il/?utm_source=buyme&utm_medium=referral&utm_campaign=buyme_website_referral"
"FESTIVE","https://festive.co.il/?utm_source=buyme&utm_medium=referral&utm_campaign=buyme_website_referral"
"FINE RITUALS","https://www.fine-rituals.com/?utm_source=buyme&utm_medium=referral&utm_campaign=buyme_website_referral"
"Floralis","https://www.floralis.co.il/?utm_source=buyme&utm_medium=referral&utm_campaign=buyme_website_referral"
"FLYBYFLY","https://www.flybyfly.co.il/?utm_source=buyme&utm_medium=referral&utm_campaign=buyme_website_referral"
"Food Appeal","https://www.foodappeal-online.com/?utm_source=buyme&utm_medium=referral&utm_campaign=buyme_website_referral/"
"FOOD TERMINAL","https://www.foodterminal.co.il/?utm_source=buyme&utm_medium=referral&utm_campaign=buyme_website_referral"
"Foot Locker","https://footlocker.co.il/?utm_source=buyme&utm_medium=referral&utm_campaign=buyme_website_referral"
"ForeverTold","https://forevertold.co.il/?utm_source=buyme&utm_medium=referral&utm_campaign=buyme_website_referral"
"FOX","http://www.fox.co.il"
"Fox Home","http://www.foxhome.co.il"
"Gaby's","https://gabys.co.il/?utm_source=buyme&utm_medium=referral&utm_campaign=buyme_website_referral"
"GADE","http://www.gade.co.il?utm_source=buyme&utm_medium=referral&utm_campaign=buyme_website_referral"
"GAL GONEN","https://galgonen.com/?utm_source=buyme&utm_medium=referral&utm_campaign=buyme_website_referral"
"Gali","https://www.gali.co.il/?utm_source=buyme&utm_medium=referral&utm_campaign=buyme_website_referral"
"Gambino retro X","https://www.gambino.co.il//?utm_source=buyme&utm_medium=referral&utm_campaign=buyme_website_referral"
"Getaway by BUYME","https://getaway.buyme.co.il/?utm_source=buyme&utm_medium=referral&utm_campaign=buyme_website_referral"
"Gitta bags","https://gittabags.com/?utm_source=buyme&utm_medium=referral&utm_campaign=buyme_website_referral"
"Give a SMILE‎ by BUYME","https://buyme.giveasmile.me/?utm_source=buyme&utm_medium=referral&utm_campaign=buyme_website_referral"
"GLO jewelries","https://www.glo-jewelries.com/?utm_source=buyme&utm_medium=referral&utm_campaign=buyme_website_referral"
"GOLBARY","https://www.golbary.co.il/?utm_source=buyme&utm_medium=referral&utm_campaign=buyme_website_referral"
"Gon Surfing","https://houseofgon.com/?utm_source=buyme&utm_medium=referral&utm_campaign=buyme_website_referral"
"GOOM","https://goom.co.il/?utm_source=buyme&utm_medium=referral&utm_campaign=buyme_website_referral"
"GOVANA Fashion","https://govana.co.il/?utm_source=buyme&utm_medium=referral&utm_campaign=buyme_website_referral"
"Grinberg Burger","https://www.grinbergburger.co.il/lp/gb?utm_source=buyme&utm_medium=referral&utm_campaign=buyme_website_referral"
"GROOVIM","https://groovim.co.il/?utm_source=buyme&utm_medium=referral&utm_campaign=buyme_website_referral"
"Guilty","https://www.guilty.co.il/?utm_source=buyme&utm_medium=referral&utm_campaign=buyme_website_referral"
"H&O","https://www.h-o.co.il/?utm_source=buyme&utm_medium=referral&utm_campaign=buyme_website_referral"
"H&O ו- Carter's/Oshkosh","http://www.h-o.co.il/"
"Happy Hempy","https://www.happy-hempy.com/?utm_source=buyme&utm_medium=referral&utm_campaign=buyme_website_referral"
"HELENA- מותג אופנה","https://helenatlv.com/?utm_source=buyme&utm_medium=referral&utm_campaign=buyme_website_referral"
"Hili Toys","https://hilitoys.co.il/?utm_source=buyme&utm_medium=referral&utm_campaign=buyme_website_referral"
"Hilisplay","https://hilisplay.com/?utm_source=buyme&utm_medium=referral&utm_campaign=buyme_website_referral"
"Hipster","https://hipsterstyle.co.il/?utm_source=buyme&utm_medium=referral&utm_campaign=buyme_website_referral"
"HOLYLAND CIVILIANS","https://holylandcivilians.com/?utm_source=buyme&utm_medium=referral&utm_campaign=buyme_website_referral"
"HOME DECOR","https://www.home-decor.co.il/?utm_source=buyme&utm_medium=referral&utm_campaign=buyme_website_referral"
"HOTCROWN Jewelry","http://www.hotcrown.co.il?utm_source=buyme&utm_medium=referral&utm_campaign=buyme_website_referral"
"HUB-ility","https://hub-ility.com/?utm_source=buyme&utm_medium=referral&utm_campaign=buyme_website_referral"
"ICONIX","https://iconix.co.il/?utm_source=buyme&utm_medium=referral&utm_campaign=buyme_website_referral"
"IL MAKIAGE","https://www.ilmakiage.co.il/?utm_source=buyme&utm_medium=referral&utm_campaign=buyme_website_referral"
"Imahot","https://imahot-design.com/?utm_source=buyme&utm_medium=referral&utm_campaign=buyme_website_referral"
"INCENSE","https://incenseparfums.com/?utm_source=buyme&utm_medium=referral&utm_campaign=buyme_website_referral"
"inhale exhale","https://www.inhaleexhale.co.il/?utm_source=buyme&utm_medium=referral&utm_campaign=buyme_website_referral"
"Instablock","https://instablock.com/?utm_source=buyme&utm_medium=referral&utm_campaign=buyme_website_referral"
"Intech","https://intech-trade.co.il/?utm_source=buyme&utm_medium=referral&utm_campaign=buyme_website_referral"
"Ironline","https://ironline.co.il/?utm_source=buyme&utm_medium=referral&utm_campaign=buyme_website_referral"
"IT MOMZ","https://www.itmomz.com//?utm_source=buyme&utm_medium=referral&utm_campaign=buyme_website_referral"
"ITAY BRANDS","https://www.itaybrands.co.il/?utm_source=buyme&utm_medium=referral&utm_campaign=buyme_website_referral"
"JACK KUBA","https://jack-kuba.co.il/?utm_source=buyme&utm_medium=referral&utm_campaign=buyme_website_referral"
"JanSport","https://www.jansport.co.il?utm_source=buyme&utm_medium=referral&utm_campaign=buyme_website_referral"
"JAPAN-JAPAN","https://www.japan-japan.co.il/?utm_source=buyme&utm_medium=referral&utm_campaign=buyme_website_referral"
"JEZ V","https://jez.co.il/?utm_source=buyme&utm_medium=referral&utm_campaign=buyme_website_referral"
"JLY","https://jly.co.il//?utm_source=buyme&utm_medium=referral&utm_campaign=buyme_website_referral"
"JUMP & ONOT","http://www.onot.co.il/?utm_source=buyme&utm_medium=referral&utm_campaign=buyme_website_referral"
"Jusa Cold Pressed","https://www.jusa.co.il/?utm_source=buyme&utm_medium=referral&utm_campaign=buyme_website_referral"
"Just Believe Jewelry","https://www.justbelievejewelry.com/?utm_source=buyme&utm_medium=referral&utm_campaign=buyme_website_referral"
"Just-Meat","https://www.just-meat.co.il/?utm_source=buyme&utm_medium=referral&utm_campaign=buyme_website_referral"
"JUV activewear","https://juv-activewear.co.il/?utm_source=buyme&utm_medium=referral&utm_campaign=buyme_website_referral"
"KIKO MILANO","https://www.kikocosmetics.co.il/?utm_source=buyme&utm_medium=referral&utm_campaign=buyme_website_referral"
"KITCHENEAT","https://kitcheneat.com/he?utm_source=buyme&utm_medium=referral&utm_campaign=buyme_website_referral"
"KUALA","https://kualastyle.com/?utm_source=buyme&utm_medium=referral&utm_campaign=buyme_website_referral"
"KUMI","https://ku-mi.com/?utm_source=buyme&utm_medium=referral&utm_campaign=buyme_website_referral"
"KUNI","https://kuni.co.il/?utm_source=buyme&utm_medium=referral&utm_campaign=buyme_website_referral"
"L'OCCITANE","https://il.loccitane.com/?utm_source=buyme&utm_medium=referral&utm_campaign=buyme_website_referral"
"La maison du savon","https://www.bytomweiss.com/?utm_source=buyme&utm_medium=referral&utm_campaign=buyme_website_referral"
"Laline","http://www.laline.co.il"
"LALUN חופשות בישראל","https://club.lalun.com/?clubKey=57PbP5eQmFDzqHMqEqEa&utm_source=buyme&utm_medium=referral&utm_campaign=buyme_website_referral"
"LAMER","https://la-mer.co.il/?utm_source=buyme&utm_medium=referral&utm_campaign=buyme_website_referral"
"LASTER","http://www.laster-design.com/?utm_source=buyme&utm_medium=referral&utm_campaign=buyme_website_referral"
"LEE","https://leejeans.co.il/?utm_source=buyme&utm_medium=referral&utm_campaign=buyme_website_referral"
"Lee Cooper","https://www.leecooper.co.il/?utm_source=buyme&utm_medium=referral&utm_campaign=buyme_website_referral"
"Legal Outfit","https://www.legaloutfit.co.il/en?utm_source=buyme&utm_medium=referral&utm_campaign=buyme_website_referral"
"Leo & Cubs","http://leoandcubs.com/?utm_source=buyme&utm_medium=referral&utm_campaign=buyme_website_referral"
"Leonidas","https://leonidas.co.il/?utm_source=buyme&utm_medium=referral&utm_campaign=buyme_website_referral"
"LiatK-בית של אנרגיות טובות","https://www.liatkstore.com/?utm_source=buyme&utm_medium=referral&utm_campaign=buyme_website_referral"
"LIDOR BAR","https://www.lidorbar.com/?utm_source=buyme&utm_medium=referral&utm_campaign=buyme_website_referral"
"lilibloom","https://lilibloom.co.il/?utm_source=buyme&utm_medium=referral&utm_campaign=buyme_website_referral"
"LILY ROSE","https://lilyrosenatural.com/?utm_source=buyme&utm_medium=referral&utm_campaign=buyme_website_referral"
"Liminal","https://liminal.co.il/?srsltid=AfmBOorh7zyI-F4msnWnj8Ph-RKCvKteNN590WCasQkY6Iia3aChKx22/?utm_source=buyme&utm_medium=referral&utm_campaign=buyme_website_referral"
"Linenz","http://www.linenzzz.com?utm_source=buyme&utm_medium=referral&utm_campaign=buyme_website_referral"
"LORD TICKETS","https://lordtickets.com/?utm_source=buyme&utm_medium=referral&utm_campaign=buyme_website_referral"
"Lorens","https://lorens.co.il/?utm_source=buyme&utm_medium=referral&utm_campaign=buyme_website_referral"
"LULU Baby","https://baby-lulu.com/?utm_source=buyme&utm_medium=referral&utm_campaign=buyme_website_referral"
"Maika","https://www.ourmaika.com/?utm_source=buyme&utm_medium=referral&utm_campaign=buyme_website_referral"
"MAIYAN CERAMIC","https://maiyanceramic.com/?utm_source=buyme&utm_medium=referral&utm_campaign=buyme_website_referral"
"Mantra","https://our-mantra.com/?utm_source=buyme&utm_medium=referral&utm_campaign=buyme_website_referral"
"Marmor House","https://marmor-house.co.il/?utm_source=buyme&utm_medium=referral&utm_campaign=buyme_website_referral"
"MEN BY NORI","https://missnori.com/collections/menbynori?srsltid=AfmBOoqtF-G68jZ-tnWoFfosmWyI_frw-MnJHzNXpKUaMl-e361unM7E&utm_source=buyme&utm_medium=referral&utm_campaign=buyme_website_referral"
"Minene","http://www.minene.net/?utm_source=buyme&utm_medium=referral&utm_campaign=buyme_website_referral"
"MISHKA","https://www.facebook.com/MishkaWatch/"
"Miss Nori","https://missnori.com/?utm_source=buyme&utm_medium=referral&utm_campaign=buyme_website_referral"
"Modibodi","https://modibodi.co.il/?utm_source=buyme&utm_medium=referral&utm_campaign=buyme_website_referral"
"MON'E תכשיטים","https://mone-official.com/?utm_source=buyme&utm_medium=referral&utm_campaign=buyme_website_referral"
"Monte Black","https://monteblack.co.il/?utm_source=buyme&utm_medium=referral&utm_campaign=buyme_website_referral"
"MORE FOOD","https://morefoodshop.com//?utm_source=buyme&utm_medium=referral&utm_campaign=buyme_website_referral"
"Motion Lab","https://motionlab.co.il/?utm_source=&utm_medium=&utm_campaign="
"MOY","https://hellomoy.com/?utm_source=buyme&utm_medium=referral&utm_campaign=buyme_website_referral"
"MUZA","https://muzacocktails.co.il/?utm_source=buyme&utm_medium=referral&utm_campaign=buyme_website_referral"
"NAAMAN","https://www.naamanp.co.il/?utm_source=buyme&utm_medium=referral&utm_campaign=buyme_website_referral"
"Naaman & Vardinon","https://www.naamanp.co.il/?utm_source=buyme&utm_medium=referral&utm_campaign=buyme_website_referral"
"Nanobebe","https://nanobebe.co.il//?utm_source=buyme&utm_medium=referral&utm_campaign=buyme_website_referral"
"napo","https://www.napo.co.il/?utm_source=buyme&utm_medium=referral&utm_campaign=buyme_website_referral"
"NAUTICA","https://www.nautica.co.il/?utm_source=buyme&utm_medium=referral&utm_campaign=buyme_website_referral"
"Neta Efrati","https://netaefrati.com/?utm_source=buyme&utm_medium=referral&utm_campaign=buyme_website_referral"
"NEW ERA","https://neweracap.co.il/?utm_source=buyme&utm_medium=referral&utm_campaign=buyme_website_referral"
"NEWTON","https://newtons.co.il/?utm_source=buyme&utm_medium=referral&utm_campaign=buyme_website_referral"
"NEXTHEAT","https://nextheat.co.il/?utm_source=buyme&utm_medium=referral&utm_campaign=buyme_website_referral"
"NINE WEST","https://www.nine-west.co.il/?utm_source=buyme&utm_medium=referral&utm_campaign=buyme_website_referral"
"NOFAR MOR","https://www.google.com/search?q=nofarmor.online&client=safari&hs=nWj9&sca_esv=d33f661f42c9ee99&hl=en-il&ei=44hSaYLvBLm29u8P8JisqQ4&oq=%D7%A0%D7%95%D7%A4%D7%A8+%D7%9E%D7%95%D7%A8+%D7%9B%D7%AA%D7%95%D7%91%D7%AA+%D7%90%D7%AA%D7%A8&gs_lp=EhNtb2JpbGUtZ3dzLXdpei1zZXJwIiHXoNeV16TXqCDXnteV16gg15vXqteV15HXqiDXkNeq16gyBRAhGKABMgUQIRigATIFECEYnwUyCBAAGIAEGKIEMgUQABjvBTIFEAAY7wUyBRAAGO8FSKkSUOwEWOQPcAJ4AZABAJgBzgGgAe8NqgEFMC45LjG4AQPIAQD4AQGYAgugAqgNwgIKEAAYsAMY1gQYR8ICBxAAGIAEGBPCAgYQABgWGB7CAggQABgWGAoYHsICBBAhGBWYAwCIBgGQBgiSBwUyLjcuMqAHjC2yBwUwLjcuMrgHiQ3CBwkwLjEuNy4yLjHIB0qACAA&sclient=mobile-gws-wiz-serp&mstk=AUtExfCGN4p27k8PiQG0t6WU3TO70YJDZ78NHWntwg99jVyVGZ8IBpZp4eOc7PWILQfecihFAl_7Z2pmCnfC31RtRizwuq-9ajr9VI_gVXE_DkgKIUYHADivH1It4xJVwOIpey4&csui=3&ved=2ahUKEwiE7bWR-uKRAxUnm_0HHQsLGmsQgK4QegQIARAB&utm_source=buyme&utm_medium=referral&utm_campaign=buyme_website_referral"
"noonebetter","https://noonebetter.com/?utm_source=buyme&utm_medium=referral&utm_campaign=buyme_website_referral"
"noovi","https://noovi.co/?utm_source=buyme&utm_medium=referral&utm_campaign=buyme_website_referral"
"NORI KIDS","https://missnori.com/collections/kids-collection?srsltid=AfmBOooG4KL9InqTv-rGDbmTfFK4SjwqBza_wbK-hZe5mE7YSytUdxAc&utm_source=buyme&utm_medium=referral&utm_campaign=buyme_website_referral"
"NORITAMY","https://www.noritamy.co.il/he-il/?utm_source=buyme&utm_medium=referral&utm_campaign=buyme_website_referral"
"O Lingerie","http://www.o-lingerie.co.il/?utm_source=buyme&utm_medium=referral&utm_campaign=buyme_website_referral"
"ofiyaa israel","https://ofiyaa-israel.com/?utm_source=buyme&utm_medium=referral&utm_campaign=buyme_website_referral"
"OKINAWA","https://okinawatlv.co.il/?utm_source=buyme&utm_medium=referral&utm_campaign=buyme_website_referral"
"Oliere Paris","https://oliere-paris.eu/?utm_source=buyme&utm_medium=referral&utm_campaign=buyme_website_referral"
"ONLY'S BEAUTY","https://www.onlys.co.il/beauty?utm_source=buyme&utm_medium=referral&utm_campaign=buyme_website_referral"
"OPA! skyfield","https://opa.world/?utm_source=google&utm_medium=cpc&utm_campaign=brand&gad_source=1&gad_campaignid=22893070507&gbraid=0AAAABA9W2OjC_3KdPKCVXCcII7XeikdQu&gclid=Cj0KCQjwhsrUBhDxARIsAN3AQSegGQu3UDbywNYYGAVpqeQClmpAO02ofMtwMjgKUn5QZZ7jj7Mpm-EaAuvIEALw_wcB/?utm_source=buyme&utm_medium=referral&utm_campaign=buyme_website_referral"
"organic zone","https://ecolove.co.il/?utm_source=buyme&utm_medium=referral&utm_campaign=buyme_website_referral"
"OTILYAS","https://otilyas.com/he/?utm_source=buyme&utm_medium=referral&utm_campaign=buyme_website_referral"
"Outdoor","https://outdoorrevolution.co.il/?utm_source=buyme&utm_medium=referral&utm_campaign=buyme_website_referral"
"owlet care","https://www.owletcare.co.il/?utm_source=buyme&utm_medium=referral&utm_campaign=buyme_website_referral"
"PALMERS","https://palmers.co.il/?utm_source=buyme&utm_medium=referral&utm_campaign=buyme_website_referral"
"PALPHOT","https://palphot.co.il/?utm_source=buyme&utm_medium=referral&utm_campaign=buyme_website_referral"
"PARAPLU","https://www.facebook.com/paraplu.art/"
"Pasta Della Casa","https://pastadellacasa.com/?utm_source=buyme&utm_medium=referral&utm_campaign=buyme_website_referral"
"PELLE by shelly gafni","https://pelle-sg.co.il/?utm_source=buyme&utm_medium=referral&utm_campaign=buyme_website_referral"
"Pelle Gift","https://pellegift.co.il/?utm_source=buyme&utm_medium=referral&utm_campaign=buyme_website_referral"
"PETEAT","https://peteat.co.il/?utm_source=buyme&utm_medium=referral&utm_campaign=buyme_website_referral"
"Petit Loup","https://petitloup.co.il/?utm_source=&utm_medium=&utm_campaign="
"Pha Design","https://shop.phadesign.co/?utm_source=buyme&utm_medium=referral&utm_campaign=buyme_website_referral"
"Philadelphia","https://www.philadelphia.co.il/?utm_source=buyme&utm_medium=referral&utm_campaign=buyme_website_referral"
"Picabook","https://www.picabook.co.il/?cid=buyme&utm_source=buyme&utm_medium=referral&utm_campaign=buyme_website_referral"
"Picnic","https://picnic.co.il/?utm_source=buyme&utm_medium=referral&utm_campaign=buyme_website_referral"
"piece of nature","https://www.piece-of-nature.com/?utm_source=buyme&utm_medium=referral&utm_campaign=buyme_website_referral"
"PlaySmart","https://play-smart.co.il/?utm_source=buyme&utm_medium=referral&utm_campaign=buyme_website_referral"
"Pozitive","https://www.carpetshop.co.il/?utm_source=buyme&utm_medium=referral&utm_campaign=buyme_website_referral"
"Pretty Ballerinas","https://www.prettyballerinas.co.il/?utm_source=buyme&utm_medium=referral&utm_campaign=buyme_website_referral"
"PROMISE","https://promise-cosmetics.co.il/?utm_source=buyme&utm_medium=referral&utm_campaign=buyme_website_referral"
"raven","https://raven.co.il/?utm_source=buyme&utm_medium=referral&utm_campaign=buyme_website_referral"
"Redefine Hair","https://redefine-hair.com/?utm_source=buyme&utm_medium=referral&utm_campaign=buyme_website_referral"
"REPLAY","https://replayjeans.co.il/?utm_source=buyme&utm_medium=referral&utm_campaign=buyme_website_referral"
"Rev Optic","https://www.revoptic.store/?utm_source=buyme&utm_medium=referral&utm_campaign=buyme_website_referral"
"RONEN CHEN","https://ronenchen.co.il//?utm_source=buyme&utm_medium=referral&utm_campaign=buyme_website_referral"
"Roomi","https://www.roomi.co.il/?utm_source=buyme&utm_medium=referral&utm_campaign=buyme_website_referral"
"Roy Chocolate","https://www.roychocolate.co.il/?utm_source=buyme&utm_medium=referral&utm_campaign=buyme_website_referral"
"RUGSIL","https://rugsil.co.il/?utm_source=buyme&utm_medium=referral&utm_campaign=buyme_website_referral"
"Salomon","https://salomonsports.co.il/?utm_source=buyme&utm_medium=referral&utm_campaign=buyme_website_referral"
"SCOTCH & SODA","https://storyonline.co.il/?utm_source=buyme&utm_medium=referral&utm_campaign=buyme_website_referral"
"Sebastian","https://www.sebastian.co.il/?utm_source=buyme&utm_medium=referral&utm_campaign=buyme_website_referral"
"SEBOCALM","https://www.sebocalm.co.il/?utm_source=buyme&utm_medium=referral&utm_campaign=buyme_website_referral"
"SECOND","https://second.co.il/?utm_source=buyme&utm_medium=referral&utm_campaign=buyme_website_referral"
"SELFISH","http:// http://www.selfish.store/?utm_source=buyme&utm_medium=referral&utm_campaign=buyme_website_referral "
"SEQUOIA","https://sequoialipo.com/he-il?utm_source=buyme&utm_medium=referral&utm_campaign=buyme_website_referral"
"SHAK IT","https://shak-it.co.il/?utm_source=&utm_medium=&utm_campaign="
"Shaka","https://www.shakacocktail.com/?utm_source=buyme&utm_medium=referral&utm_campaign=buyme_website_referral"
"SHANI BAR","https://shanibar.com/?utm_source=buyme&utm_medium=referral&utm_campaign=buyme_website_referral"
"Shape Patissier- By Tamar Shilon","https://www.tamarshilon.com/?utm_source=buyme&utm_medium=referral&utm_campaign=buyme_website_referral"
"ShareSpa-  מלון Herods ת""א","https://sharespa.co.il/herodstlv/?utm_source=buyme&utm_medium=referral&utm_campaign=buyme_website_referral"
"ShareSpa-  מלון NYX הרצליה","https://sharespa.co.il/nyxherzliya/?utm_source=buyme&utm_medium=referral&utm_campaign=buyme_website_referral"
"ShareSpa- אתר אונליין","https://sharespa.co.il/?utm_source=buyme&utm_medium=referral&utm_campaign=buyme_website_referral"
"ShareSpa- מלון Gordon Beach ת""א","https://sharespa.co.il/arttlv/?utm_source=buyme&utm_medium=referral&utm_campaign=buyme_website_referral"
"ShareSpa- מלון Herods הרצליה","https://sharespa.co.il/herodsherzliya/?utm_source=buyme&utm_medium=referral&utm_campaign=buyme_website_referral"
"ShareSpa- מלון U Coral Beach אילת","https://sharespa.co.il/ueilat/?utm_source=buyme&utm_medium=referral&utm_campaign=buyme_website_referral"
"SHAZLONG BY UNICO","https://www.shazlong.co.il/?utm_source=buyme&utm_medium=referral&utm_campaign=buyme_website_referral"
"She-Ra Jewelry","https://www.she-ra-jewelry.com/?utm_source=buyme&utm_medium=referral&utm_campaign=buyme_website_referral"
"Shiree Odiz","https://www.shireeodiz.co.il/?utm_source=buyme&utm_medium=referral&utm_campaign=buyme_website_referral"
"SHUGIS","https://www.shugis.com/?utm_source=buyme&utm_medium=referral&utm_campaign=buyme_website_referral"
"Signet Collection","https://signetcollection.co.il/he?utm_source=buyme&utm_medium=referral&utm_campaign=buyme_website_referral"
"Silver Bell","https://www.silverbellbox.com/?utm_source=buyme&utm_medium=referral&utm_campaign=buyme_website_referral"
"Simbioze","https://simbiozeamazonica.co.il/?utm_source=buyme&utm_medium=referral&utm_campaign=buyme_website_referral"
"SIMPLE AS THAT","https://www.simpleasthat.co.il/?utm_source=buyme&utm_medium=referral&utm_campaign=buyme_website_referral"
"Slav&So | סריגה.יצירה.קהילה","https://www.slavandso.com/?utm_source=buyme&utm_medium=referral&utm_campaign=buyme_website_referral"
"SLEEZY PIZZA","https://www.facebook.com/Pizza25tlv/?utm_source=buyme&utm_medium=referral&utm_campaign=buyme_website_referral"
"SMEG","https://shop.smeg.co.il/?utm_source=buyme&utm_medium=referral&utm_campaign=buyme_website_referral"
"Smoovee","https://smoovee-ltd.com/he/?utm_source=buyme&utm_medium=referral&utm_campaign=buyme_website_referral"
"SOHO","https://www.sohocenter.co.il/?utm_source=buyme&utm_medium=referral&utm_campaign=buyme_website_referral"
"Spicehaus Cocktails","https://ontopo.com/he/il/page/88698605?utm_source=ig&utm_medium=social&utm_content=link_in_bio&fbclid=PAZXh0bgNhZW0CMTEAc3J0YwZhcHBfaWQPOTM2NjE5NzQzMzkyNDU5AAGnqltmD5XkhmJeebWdBPCLm0z_ZOc4v7hrvEaSGsJaB6Sork7w2xKPSXI-zpQ_aem_DKlytEy1ELsJEGDfa66f9Q&utm_id=97760_v0_s00_e0_tv3&utm_source=&utm_medium=&utm_campaign="
"Start Home","https://start-home.co.il/?utm_source=buyme&utm_medium=referral&utm_campaign=buyme_website_referral"
"STEVE MADDEN","https://stevemadden.co.il/?utm_source=buyme&utm_medium=referral&utm_campaign=buyme_website_referral"
"STORY","https://www.storyonline.co.il/?utm_source=buyme&utm_medium=referral&utm_campaign=buyme_website_referral"
"Studio Cheha","https://studiocheha.co.il/?utm_source=buyme&utm_medium=referral&utm_campaign=buyme_website_referral"
"SWAGG","https://swagg.co.il/?utm_source=buyme&utm_medium=referral&utm_campaign=buyme_website_referral"
"SWEETWEET","https://sweetweet.co.il/?utm_source=buyme&utm_medium=referral&utm_campaign=buyme_website_referral"
"SWING","https://www.swingfans.co.il/?utm_source=buyme&utm_medium=referral&utm_campaign=buyme_website_referral"
"TAKEANAP","https://takeanap.co.il/?utm_source=buyme&utm_medium=referral&utm_campaign=buyme_website_referral"
"TALADA","https://talada.co.il/?utm_source=buyme&utm_medium=referral&utm_campaign=buyme_website_referral"
"TERMINAL X","https://www.terminalx.com/women?utm_source=buyme&utm_medium=referral&utm_campaign=buyme_website_referral"
"TES- Leather Bags","https://tesbags.co.il/?utm_source=buyme&utm_medium=referral&utm_campaign=buyme_website_referral"
"TFU TFU","https://tfu-tfu.com/?utm_source=buyme&utm_medium=referral&utm_campaign=buyme_website_referral"
"The Black Box","https://blackboxtlv.com/?utm_source=buyme&utm_medium=referral&utm_campaign=buyme_website_referral"
"The clean dot","https://thecleandot.com/?utm_source=buyme&utm_medium=referral&utm_campaign=buyme_website_referral"
"The Nest Shop","https://the-nest.shop/?utm_source=buyme&utm_medium=referral&utm_campaign=buyme_website_referral"
"THE NORTH FACE","https://thenorthface.co.il/?utm_source=buyme&utm_medium=referral&utm_campaign=buyme_website_referral"
"TIKI- מותג אופנה לאנשים טובים","https://tiki.co.il/?utm_source=buyme&utm_medium=referral&utm_campaign=buyme_website_referral"
"TIMBERLAND","https://www.timberland.co.il/?utm_source=buyme&utm_medium=referral&utm_campaign=buyme_website_referral"
"toi.shop","https://www.toishop.co.il/?utm_source=buyme&utm_medium=referral&utm_campaign=buyme_website_referral"
"Tollman's dot","https://www.tollmansdot.co.il/?utm_source=buyme&utm_medium=referral&utm_campaign=buyme_website_referral"
"Trek Market","https://trekmarket.co.il/?utm_source=buyme&utm_medium=referral&utm_campaign=buyme_website_referral"
"TULA","https://tula-fashion.com/?utm_source=buyme&utm_medium=referral&utm_campaign=buyme_website_referral/"
"TULIP","https://www.tulipnatural.com/?utm_source=buyme&utm_medium=referral&utm_campaign=buyme_website_referral"
"Urban Giraffa","https://giraffa.me/?utm_source=buyme&utm_medium=referral&utm_campaign=buyme_website_referral"
"USTABELLE","https://ustabelle.co.il/?utm_source=buyme&utm_medium=referral&utm_campaign=buyme_website_referral"
"VALHALLA","https://www.valhalla-hos.com/?utm_source=buyme&utm_medium=referral&utm_campaign=buyme_website_referral"
"VANS","https://vans.co.il/?utm_source=buyme&utm_medium=referral&utm_campaign=buyme_website_referral"
"VARDINON","https://www.vardinon.co.il/?utm_source=buyme&utm_medium=referral&utm_campaign=buyme_website_referral"
"Vintage Original","https://vintageoriginal.co.il/?utm_source=buyme&utm_medium=referral&utm_campaign=buyme_website_referral"
"VIVINO באר שבע","https://www.vivino.co.il/?utm_source=buyme&utm_medium=referral&utm_campaign=buyme_website_referral"
"VIVINO זיכרון יעקב","https://www.vivino.co.il/?utm_source=buyme&utm_medium=referral&utm_campaign=buyme_website_referral"
"VIVINO חיפה","http://www.vivino.co.il/?utm_source=buyme&utm_medium=referral&utm_campaign=buyme_website_referral"
"VIVINO כרמיאל","https://www.vivino.co.il/?utm_source=buyme&utm_medium=referral&utm_campaign=buyme_website_referral"
"VIVINO נתיבות","https://www.vivino.co.il/?utm_source=buyme&utm_medium=referral&utm_campaign=buyme_website_referral"
"VIVINO קריות","https://www.vivino.co.il/?utm_source=buyme&utm_medium=referral&utm_campaign=buyme_website_referral"
"VIVINO ראשון לציון","https://www.vivino.co.il/?utm_source=buyme&utm_medium=referral&utm_campaign=buyme_website_referral"
"VOLT swimwear","https://volt-il.com/?utm_source=buyme&utm_medium=referral&utm_campaign=buyme_website_referral"
"Water.io","https://il.water.io/?utm_source=buyme&utm_medium=referral&utm_campaign=buyme_website_referral"
"WE BAGS","https://we-bags.co.il/?utm_source=buyme&utm_medium=referral&utm_campaign=buyme_website_referral"
"We Love Plants","https://wlovep.com/?utm_source=buyme&utm_medium=referral&utm_campaign=buyme_website_referral"
"White Space","http://www.whitespace.co.il?utm_source=buyme&utm_medium=referral&utm_campaign=buyme_website_referral"
"Winest store","https://the-winest.com/?utm_source=buyme&utm_medium=referral&utm_campaign=buyme_website_referral"
"Woman- מהפיכת הטיפוח הביתי","https://womancosmetics.co.il/?utm_source=buyme&utm_medium=referral&utm_campaign=buyme_website_referral"
"WORLD8","https://buyme.world8.co.il/?utm_source=buyme&utm_medium=referral&utm_campaign=buyme_website_referral"
"Wrangler","https://wranglerjeans.co.il/?utm_source=buyme&utm_medium=referral&utm_campaign=buyme_website_referral"
"XI MOBILITY","https://xi-mobility.co.il/?utm_source=buyme&utm_medium=referral&utm_campaign=buyme_website_referral"
"XRAY","https://xraytlv.com/?utm_source=buyme&utm_medium=referral&utm_campaign=buyme_website_referral"
"YOLO","https://www.yoloshops.co.il/?utm_source=buyme&utm_medium=referral&utm_campaign=buyme_website_referral"
"YOOZ","https://yoozit.co/?utm_source=buyme&utm_medium=referral&utm_campaign=buyme_website_referral"
"YVES ROCHER","https://www.yvesrocher.co.il/?utm_source=buyme&utm_medium=referral&utm_campaign=buyme_website_referral"
"ZMRM","https://zmrm.co.il/?utm_source=buyme&utm_medium=referral&utm_campaign=buyme_website_referral"
"ZOMEE","https://zomee.co.il/?utm_source=buyme&utm_medium=referral&utm_campaign=buyme_website_referral"